Date,A.C.T.H.,A05A1 CHOLERETICS+CHOLEKINETIC,ADHD,ALL OTHER RESPIRATORY,ALL OTHER THERAPEUTICS,ALL OTHER UROLOGICAL,"ALLERGY, SYSTEMIC & NASAL",ANTI-ALZHEIMERS,"ANTI-ANAEMICS, IRON AND ALL COMBINATIONS",ANTI-INFLAMMATORY AND DIGESTIVE ENZYMES AND MODULA,"ANTI-OBESITY PREPS, EXCL. DIETETICS","ANTI-PARASITICS, ANTIMALARIALS, INSECTICIDES",ANTI-ULCERANTS,ANTIBACTERIALS,ANTICOAGULANTS,ANTIDIABETICS,ANTIGOUT PREPS,"ANTIHYPERTENSIVES, PLAIN & COMBO",ANTITUBERCULARS,"ANTIVIRALS, HERPES",BISPHOSPHONATES TUMOR-RELATED & BONY METASTASES,BLOOD COAGULATION,BPH (BENIGN PROSTATIC HYPERTROPHY),"CANCER DETOX AG, ANTI-NAUSEANTS","CORTICOSTEROIDS, PLAIN & COMBO","COUGH COLD, INCL FLU ANTIVIRALS",DERMATOLOGICS,DIAGNOSTIC EQUIP & ACCESSORIES & ALLERGEN TESTS,DIETETICS,EAR TREATMENTS&EYE-EAR COMBOS,ERECTILE DYSFUNCTION,ERYTHROPOIETINS,GENITO-URINARY ANTIBACTERIALS & ANTISEPTICS & ANTI,GI PRODUCTS,GROWTH HORMONES,HEMATOPOIETIC GROWTH FACTORS,HIV ANTIVIRALS,"HORMONAL CONTRACEPTION, SYSTEMIC&TOPICAL",HOSPITAL SOLUTIONS,HYPOTHALAMIC HORMONES,IMAGING,IMMUNOLOGY,IMMUNOSUPPRESSANTS,"INTERFERONS, EXCL MS MARKET",J07D6 TUBERCULOSIS VACCINES,LABOUR INDUCERS,LIPID REGULATORS,MENTAL HEALTH,MIOTICS+ANTIGLAUCOMA PREPS,MULTIPLE SCLEROSIS,"NASAL PREPS, TOPICAL",NERVOUS SYSTEM DISORDERS,OCULAR ANTINEOVASCULARISATION,ONCOLOGICS,"OPHTHALMOLOGY, GENERAL",OSTEOPOROSIS,OTHER ALIMENTARY TRACT AND METABOLISM PRODUCTS,OTHER CARDIOVASCULARS,OTHER CNS,OTHER HAEMATOLOGICALS,OTHER HORMONES,OTHER WOMEN'S HEALTH,PAIN,POLYVAL IMMUNOGLOBLULINS IV&IM,RESP ANTIVIRALS EX FLU,RESPIRATORY AGENTS,"SEX HORMONES (ANDROGENS, OESTROGENS, PROGESTOGENS,",SPEC IMMUNOGLOBULINS & ANTITOXIC SERA,SYST ANTIFUNGALS,THROMBOPOIETIN AGONISTS,THYROID ANTI-THYROID AND IODINE PREPS,URINARY INCONTINENCE,"VACCINES (PURE, COMB, OTHER)",VIRAL HEPATITIS,VITAMINS & MINERALS
2014_08,0.0,,0.0,0.0,0.0,0.0,0.0,0.0,0.0,0.0,0.0,0.0,0.0,0.0,0.0,0.0,0.0,0.0,0.0,0.0,0.0,0.0,0.0,0.0,0.0,0.0,0.0,0.0,0.0,0.0,0.0,0.0,0.0,0.0,0.0,0.0,0.0,0.0,0.0,0.0,,0.000218912702922162,0.0,0.0,0.0,0.0,0.0,0.0,0.0,0.0,0.0,0.0,0.0,0.0,0.0,0.0,0.0,0.0,0.0,0.0,0.0,,0.0,,,0.0,0.0,,0.0,0.0,0.0,0.0,0.0,0.0,0.0
2014_09,0.0,,0.0,0.0,0.0,0.0,0.0,0.00036101751487391834,0.0,0.0,0.0,0.0,0.0,0.05572112261480594,0.0,0.0,0.0,0.0,0.0,0.0,0.0,0.0,0.0,0.07874628621112817,0.0,0.0,0.0,0.0,0.0,0.0,0.0,0.0,0.0,0.0,0.0,0.0,0.0,0.00924406133367823,0.0,0.06743335562520848,,0.0007783007942001877,0.0,0.04279699853900645,0.0,0.0,0.0,0.0,0.0,0.009098512376363914,0.0,0.0008136934840003583,0.0,0.005021310383710881,0.0,0.0,8.21527242696162e-05,0.02683354748293412,0.0,0.0,0.00015713896168120198,,0.0024407183710300605,,,0.007690644146457265,0.003176242854015788,,0.0,0.0,0.0,0.0,0.0,0.0,0.0
2014_10,0.0,,0.0,0.0,0.0,0.0,0.05594090780048151,0.016684530058791378,0.0,0.0,0.0,0.0022745621494791096,0.010480206975647737,0.011401867436008517,0.0,3.392787658222643e-05,0.0,0.00103527822476827,0.0,0.0,0.0,0.1499033032429411,0.0,0.0,0.0,0.0,0.0075491175039171495,0.0,0.0,0.09489851892484924,0.0,0.0,0.0,0.000599759369538435,0.0,0.0,0.0,0.0,0.0,0.0,,0.0002525437932092004,0.0,0.08205876847610084,0.0,0.284289839588478,0.0,0.0071287268740813856,0.028381476472377216,0.012162000508925045,0.0,0.00027171209051602807,0.0,0.006256454316596854,0.04312816330337556,0.056023406509283946,0.0023228043791311145,0.0006582746347857813,0.015064134638553252,0.0,0.0,,9.176704990287093e-05,,,0.00020300043322444295,0.003131986829124483,,0.0,0.0,0.0,0.0,0.01396198129562325,0.0,0.0
2014_11,0.0,,0.0,0.0,0.07588774657434345,0.0,0.0,0.0,0.0,0.0,0.0,0.0,0.0,0.0,0.0,0.07477458220344489,0.0,0.0002573797619906398,0.0,0.0,0.0,0.049475439469664984,0.0,0.0,0.0,0.0,0.0006043520384563042,0.0,0.0,0.0,0.0,0.0,0.0,0.0005332871695180041,0.0,0.0,0.0,0.0,0.0,0.0,,0.06164666177730597,0.0,0.0,0.0,0.0,0.0,0.001455653331533395,0.0,0.0,0.0,0.0029708496714495364,0.0,0.0,0.0,0.0,0.0,0.00927909913796748,0.0010927687737108279,0.0,0.0,,7.122609082044319e-07,,,0.0,0.0009686812177991824,,0.0,0.0,0.002155903496791487,0.0,0.016824944631170756,0.0,0.0
2014_12,0.020046796939227285,,0.021251352697211658,0.0,0.0,0.0,0.0,0.0,0.00027130572000511304,0.03449874862567747,0.0,0.0,0.01958078997650986,0.00017214534644421507,0.06353862100240242,3.7807361918198805e-05,0.0,0.000482664136303357,0.0,0.0,0.0,0.07447364791327152,0.0,0.0,0.0,0.0,0.00042159526100835494,0.0,0.0,0.0,0.04699004105281486,0.0,0.0,0.00022099266649768358,0.0,0.0,0.0,0.0005537754828472771,0.0,0.007292840773772931,,0.0024889948394218367,0.0,0.0,0.0,0.0,0.0035679544767502173,0.001642869983839389,0.0,0.002426555556915721,0.0,0.0020574626779168146,0.0,0.011148330722623051,0.0,0.045355490349215384,4.727329336483733e-05,0.004105414936716485,0.0017482771705848166,0.0,0.0,,0.0011476940850202672,,,0.00017483487555751192,5.085711889520526e-05,,0.0,0.0,0.022749888278016443,0.0,0.0,0.0014214116754886353,0.0
2015_01,0.0,,0.07901152037652823,0.0,0.008393753127252015,0.09897680068634418,0.04336083094228958,0.0003429659881100375,0.0,0.0,0.08999047952907158,0.0011788438949275426,0.001677455502057681,0.026611834604723158,0.028615061244270584,0.021793388235566737,0.0,0.05415939496574446,0.026021330160533616,0.10797076225231099,0.0,0.04952244936082017,0.09865656610842333,0.09104395281273102,0.05968204335243686,0.0,0.030934852884781636,0.0,0.0,0.08992985971943868,0.04836317186115937,0.0,0.045078314653875684,0.03246555186578024,0.0,0.027171141559838453,0.029312075098303417,0.06894050822512396,0.0,0.0657192981263595,,0.006316323087003819,0.03667391194957158,0.02699946683517307,0.0,0.0,0.0920820869870154,0.1025156959975289,0.07343689084391496,0.03991241988542051,0.1109810604418087,0.09128957262149948,0.0,0.024437916965319818,0.0729894495570519,0.016635069258333194,0.004137346406280533,0.04129814108946748,0.012624765870598095,0.05403385771722029,0.030682900087566026,,0.10187072730828858,,,0.05397633154535912,0.08906737533569953,,0.07432899722480518,0.0,0.0008192542713812068,0.023684878110155804,0.0,0.000739699366988042,0.0
2015_02,0.0,,0.0,0.0,0.07791379125875776,0.0,0.0,0.0,0.0,1.0141815506593825e-06,0.0,0.0514186456284952,0.0,0.056396641045555515,0.0,0.0064238242875475195,0.0,-2.6652369787789935e-07,0.0,0.0,0.0,0.0,0.0,0.0,0.0,0.0,0.0,0.0,0.0,0.0,0.0,0.017683364330493622,0.0,0.0,0.0,0.0,0.006400231145702961,0.008948338721650823,0.1366666666666668,0.0,0.0,0.0,0.0,0.0,0.0,0.0,0.0,0.0,0.0,0.0028137015696842417,0.0,0.002887704954002871,0.0,0.0010663200781987766,0.0,0.0,0.00018820608927766982,5.621493929957302e-07,0.0,0.0,0.06112472030736134,,0.0001286844907108459,,,0.0,0.0010759005638323463,,0.0,0.03999257333828443,0.0,0.07794953987468733,0.0,0.0,0.0
2015_03,0.0,,0.0,0.0,0.0,0.0,0.0,0.0,0.0,0.0,0.0,0.0066667897350379665,0.0,0.0,0.0,0.0035811611561791987,0.0,0.00011635029590748949,0.0,0.0,0.0,0.04948398889710266,0.0,0.00048098434004474323,0.0,0.0,0.033535008228194774,0.0,0.0,0.0,0.0,0.0,0.0,0.010542893464605838,0.0,0.0010561046168725077,0.0,0.0,0.0,0.001157258785051724,,0.00573465508097959,0.0,0.04248604096304189,0.0,0.0,0.0,0.0011769159695331037,0.0,0.02189126227546466,0.0,7.900025454668932e-05,0.0,0.007597703169600673,0.0,0.0039528111294977655,0.0,0.00019397516479130564,0.0010005019121778597,0.0,0.0,,5.667378874611808e-07,,,0.0,0.0,,0.0,0.0,0.0,0.0,0.03244802632471776,0.0,0.0
2015_04,0.0,0.0,0.0017996457855674996,0.0,0.0,0.0,0.023474466833683958,0.10263375872099176,0.0,0.0,0.0,0.0018869615199471643,0.004151163825339616,0.04909505164938893,0.0,0.00031189746966700895,0.09899774770468528,0.003362275714908451,0.0,0.017851828939845917,0.0,0.0,0.0004759508061805169,0.0,0.0,0.0,0.019220505337734922,0.010197876106194688,0.052850210831649314,0.09009423121121583,0.0,0.031858901461008934,0.0,0.013132586595822159,0.0,0.0,0.02446012779628474,0.0,0.0,0.004638362097809037,,0.04267788380307944,0.04434902108633393,0.0,0.0,0.16949152542372878,0.0001699081091521045,0.0018862530566270811,0.02275736592755864,0.0003654776572923387,0.0,0.00016504971002755594,0.0,0.0072372459091584705,0.009709764493657022,0.0,0.0006370599866711953,0.019646494554471868,0.01030092775134498,0.009319749645940869,0.0,,9.229714118583575e-06,,,0.00830014262890759,4.787945035099653e-05,,0.0,0.0,0.0,0.0,0.0,0.0,0.0
2015_05,0.0,0.0,0.013636450188747581,0.0,0.00010310455734952572,0.0,0.0,0.0,0.0,0.0,0.0,0.0,0.03229904233362182,0.0,0.007646420815400979,0.028705657088095592,0.0,0.0009449265017722381,0.0,0.0,0.0,0.07496557925149666,0.0,0.0,0.0,0.0,0.03787264219831067,0.0,0.0,0.0,0.04894296573777833,0.0,0.06855345393830171,0.00015385893138386705,0.0,0.0,0.0,0.0,0.0,0.0,,0.03569353642191923,0.0,0.05943851079019725,0.0,0.0,1.2289147812242056e-07,0.003355343874133201,0.05612688015742234,0.0,0.0,0.0,0.0,0.005454025906877698,0.0023777312434586856,0.0476373924516052,0.00046207162110127077,0.002839705996578666,0.001427639164004847,0.0,0.000652173212401403,,6.17157280430895e-06,,,0.0,0.0,,0.0,0.0,0.003161027399449129,0.0,0.0,0.0,0.0
2015_06,0.05499070055796663,0.0,0.0001040308908121221,0.0,0.0,0.0,0.0,0.0,0.00017870825644701206,0.0,0.0,0.017153653155296003,0.027909493796858805,0.013114028386604184,2.5804975397479022e-05,0.0006879838493499242,0.0,0.0004667071316045298,0.013640370820155378,0.0,0.0,2.512771079493454e-05,0.0,0.07101313181202552,0.08300686697598338,0.0,4.6820126653442205e-05,0.0,0.0,0.0,0.04129894902378481,0.0,0.04102031669416213,0.0001259161365123927,0.0,0.0,0.0,0.015550749192664718,0.0,0.006138733886904768,0.0,0.008449534953785169,0.014928573726695087,3.8332660539168916e-07,0.0,0.0,0.0263264010396595,0.018127068856603323,0.007654931391605697,0.0,0.06665057161793882,0.06386983238773256,0.0,0.004657458977735559,5.217571949087762e-06,0.0,0.0,0.02022821461363222,0.006358922383887932,0.0,0.0,,0.007606887069646081,,,0.0013787076212168061,0.08827821772812511,,0.03313177975272154,0.0,0.0007927103338405245,0.013518890702380666,0.00042796002998527616,0.0,0.0
2015_07,0.0,0.0,0.003979390767342826,0.0,0.0002040973862926325,0.0,0.007146539027982332,0.0003066614704214588,0.0,0.0,0.0,0.02791717066513545,0.010386602111122363,0.05453130778381129,0.0028168101369328165,0.0014376598943950088,0.0,0.03467011774704235,0.0,0.0802041725557426,0.0,0.037362549773802024,0.09662500851433145,0.0,0.0,0.08870801324391217,0.028692099385160378,0.0,0.0,0.0,0.005652912029245059,0.0,0.0,0.00019212982853188845,0.0,2.7357574449072216e-05,0.0,0.048295777650247965,0.0,0.0008958287117361138,,0.005229973978514003,0.014571471741741521,0.0,0.0,0.008173076923076922,0.030207166701841204,0.02039646643162966,0.021680069445729578,0.0011099186184042498,0.006474308315125667,0.0045675541573409585,0.0,0.012820050744691855,0.020106699777206517,4.5635535915306116e-05,0.0011500593990146995,0.000539488044281703,0.0006431221649729057,0.03677685950413209,0.0,,0.0031568733924323975,,,0.012363862984215716,0.003677688655517472,,0.0,0.02234903833216836,0.02792602287008925,0.006511074900462959,0.0,0.0,0.0
2015_08,0.0,0.0,0.03218214537039697,0.0,0.0769517752541567,0.0,0.0,0.0,0.0,0.0,0.0,0.007858493635833684,0.0,0.025136754305654742,0.042039605823866684,0.007429936637221794,0.0,0.0,0.0,0.0,0.0,0.0,0.0,0.0,0.0,0.0,0.010530607122117876,0.0,0.0,0.0,0.0,0.0,0.0,0.0,0.0,0.0,0.0,0.0,0.0,0.0,,0.03289297172677612,0.0,0.0,0.0,0.0,0.0015183509588135907,0.0005441134894313543,0.0,0.023971942754887777,0.0,0.0,0.0,0.00013855204305629986,0.0,0.0,0.0,0.018836857860022104,0.0009788175692705622,0.0,0.0013319930583417542,,0.0,,,5.0122852452549276e-05,0.0,,0.0,0.0,0.0,0.0,0.0,0.0,0.0
2015_09,0.0,0.0,0.0,0.0,0.001032410042990912,0.0018724274743675403,0.0,0.0,0.0,0.0,0.0,0.011936826026481277,0.00785689275153932,0.0,0.00644968938362899,0.004368724916464762,0.0,5.598475977464808e-05,0.0,0.0,0.0,0.0,0.0,0.0,0.0,0.0,0.002927589036824774,0.0,0.0,0.0,0.0,0.0,0.0,0.0026899296745312874,0.01905763432091082,0.026168544795916744,0.0014801905115605235,0.0,0.0,0.00151144604216558,,0.02437232030299126,0.0,0.0,0.0,0.0,-0.004054090304297644,0.0,0.0,0.003317161272745441,0.0,0.0035783055346015197,0.0,0.004916765464888156,0.0,0.0,0.0,0.018132308661681994,0.0,0.0,0.0,,0.00016749914427523872,,,0.0032869645680061216,0.0006319607304889884,,0.0,0.026329595435106812,0.0,0.0,0.0,0.0,0.0
2015_10,0.0,0.0,0.0,0.0,0.0,0.0,0.0,0.0,0.0,0.0,0.0,0.0583067781136689,0.003957217443646386,-0.0007516598560283805,0.0,0.001877663894552305,4.822033378144465e-07,0.017386824957398832,0.0,0.0,0.0,0.0,0.0,0.0001291464182241762,0.0,0.0,0.005118096310688026,0.0,0.07499435283487688,0.0,0.0,0.0,-0.015221955189340998,0.033225508508668004,0.0,0.0,0.0,0.0,0.0,0.0008351219208480083,,0.0026544131300342273,0.0,0.04255423099263349,0.0,0.0,0.0,0.0027580561192299255,0.022662361000793375,0.00594041081232898,0.0,6.108797379132312e-05,0.0,0.004845917763725314,0.0,0.009199062626856134,0.0,0.022984359730876834,0.010209601274982645,0.0,0.0,0.0,0.012627419841307315,,,0.0004081084030178487,0.0015438864624950077,,0.0,0.01884486293676889,0.003212739010544835,0.047819756943515625,0.008106189073494302,0.0,0.0
2015_11,0.0,0.0,0.0,0.0,0.0,0.0,0.0,0.0,0.00022829081188727464,0.0,0.0,0.0,0.0,0.0,0.0,0.02373368390881053,0.0,0.0,0.0,0.0,0.0,0.0,0.0,0.0,0.0,0.0,0.0,0.0,0.0,0.0,0.0,0.0,0.0,0.0,0.0,0.0,0.0,0.006858853497242284,0.0,0.0,,0.0008092221137326866,0.0,0.0,0.0,0.0,0.0,0.0,0.0,0.0,0.0,0.0,0.0,3.3231252472473064e-05,0.0,0.0,0.0,0.0,0.0,0.0,0.0,0.0,0.0,,,0.0,0.0012367355856731839,,0.0,0.0,0.0,0.0,0.023044331047674515,0.0,0.0
2015_12,0.0,0.0,0.014136572720993562,0.0,0.0,0.04803376167836455,0.0,0.0,0.0,0.04319425172922536,0.0,0.0,0.0,0.0001399039352772993,0.006992908362849078,0.018534901025747997,0.0,6.42396771381641e-05,0.0,0.0,0.0,0.0,0.0,0.00027840358951746597,0.0,0.0,0.0,0.0,0.0,0.0,0.04995472725673895,0.0,0.0,0.0,0.0,0.0002225716991126244,0.0011337309389537397,0.0,0.0,0.036260713408719884,,0.02309659411994467,0.0,0.0,0.0,0.0,9.552740394645907e-05,0.0006252478541200409,0.0,0.013662063518312947,0.0,0.0016856905057306697,0.0,0.019791277878751422,0.0,0.06517435447286996,0.0020657553399862517,0.04997342473789113,0.0,0.0,0.0,0.0,0.005286930867906365,,,1.8849346328833215e-05,0.0,,0.0,0.0,0.04754852412564461,0.0,0.0037327562713854894,0.0,0.0
2016_01,0.0,0.0,0.07311108934679769,0.0,0.008299643759399542,0.0,0.009545832407678983,0.0985269645965906,0.0,0.0,0.014295817968728886,0.006439623938152074,0.0023617313907063407,0.055885205317960526,0.00917332381894176,0.0023767182928872495,0.04997808646097768,0.03624523653781129,0.008792652912505907,0.13979212326376758,0.030001898147631326,5.449900501363528e-05,0.06324939616199954,0.007657896123245987,0.08699062695092966,5.081058515414685e-05,0.010049700110313522,0.0,0.0,0.0,0.06020324307436554,0.018054554574226063,0.08456875627919436,0.026435986095010636,0.07918561169615185,0.01715551103949427,0.06122684337075891,0.09032272458738529,0.0,0.015419905012426838,,0.05351009079421935,0.029451842689886158,0.02759353121971716,0.0,0.0,0.12120114760004282,0.0633289304523151,0.08554001214441173,0.03973735747914863,0.08016668203678529,0.09217794621009888,0.0,0.02353142961941684,0.004528798242882467,0.002498388965630008,0.006476856983170353,0.0235854095531871,0.05662678069687234,0.03335354409444719,0.04888132020689385,0.0,0.06419793592156431,,,0.07359648440539457,0.08379223571155073,,0.06051323925580223,0.05147685295695581,0.004171550473637208,0.013535885293045656,0.009795748496673053,0.0012682140590047348,0.0
2016_02,0.0,0.0,0.0,0.0,0.07734802822205317,0.0,0.0,0.0,0.0,0.0,0.0,0.0,0.0,0.0,0.0,0.00017978268230388708,1.4519854801451982e-05,0.0,0.0,0.0,0.0,0.0,0.0,0.0,0.0,0.0,2.3967470266280414e-06,0.014851366687049762,0.0,0.0,0.0,0.0,0.0,0.0,0.0,0.0,0.0,0.0,0.0,0.0,0.0,0.0009262464913975089,0.0,0.0,0.0,0.0,0.0,7.936557182278122e-05,0.003631792397660585,0.004147868601518337,0.0,0.0,0.0,0.0006952183007525716,0.0,0.0,0.0,1.1028381465140968e-06,0.0,0.0,0.0,0.0,0.0024977109985295826,,,1.4141857552560618e-05,0.0,,0.0,0.0,0.0,0.0763327370766147,0.0,0.0,0.0
2016_03,0.0,0.0,0.0,0.0,0.0,0.0,0.0,0.0,0.0,0.0,0.0,0.006230912022865068,0.0,0.0,0.0,0.0,0.0,0.0,0.0,0.0,0.0,0.0,0.0,0.00014720371265179561,0.0,0.0,0.00011893912397533229,0.0,0.0,0.0,0.0,0.0,0.0,0.0,0.013260668044290692,0.0,0.0,0.0,0.0,0.003305991614071985,,0.002846297379465771,0.0,0.04174363898366101,0.0,0.0,0.0,0.0003729286446713672,0.0,0.0,0.0,0.003289716469336583,0.0,0.009721521966639467,0.0,0.01594472505920992,0.0,0.0006546118057038327,0.0002678051189004247,0.0,0.0,0.0,1.6208007053370845e-06,,,6.619907668373185e-05,0.00013071350025237305,,0.014621444937659003,0.0,0.0,0.0,0.0,0.0,0.0
2016_04,0.0,0.0,0.0,0.0,0.0,0.0,0.0,0.0,0.00015477161621401948,0.0,0.0705796133564932,0.0058259248954922824,0.03860127147004887,0.0,0.05715185629478913,0.006624525610192104,0.0,0.019098217009840126,0.0,0.0,0.0,0.0,0.0,0.0,0.0,0.0,0.009969231232586947,0.0,0.0,0.09905973373409094,0.0,0.03151045988607388,0.0,0.02126993681411712,0.0,0.0,0.0,0.00575869363290701,0.0,0.005170930714221989,,0.006131078813654928,0.0,0.0,0.0,0.0,0.003377412338343242,0.00459588965926886,1.0363292238025107e-05,0.0,0.0,0.0019311241650730776,0.0,0.007826317946611995,0.0001346685778049671,0.0,0.001581827279526099,0.01587684461973389,0.006615260382997175,0.0,0.0,0.0,3.071971747091157e-05,,,0.01158549097187191,0.0016021291610308506,,0.0027799778235387323,0.0,0.0,0.0,0.015599449722249279,0.0,0.0
2016_05,0.0,0.0,0.0,0.0,3.591251894723377e-05,0.0,0.0,0.0,0.0,0.0,0.0,0.0010941825464056215,0.0,0.00031889027356294514,0.0045208156001840145,0.001105565240430865,0.0,0.0,0.0,0.0,0.0,0.0,0.0,0.0,0.0,0.0,0.0002914074846206142,0.0,0.0,0.0,0.0,0.0,0.0,0.0,0.0,0.0,0.0,0.0,0.0,0.0,,0.0001010471596001191,0.0,0.0,0.0,0.0,0.0,0.0,0.0,0.01695037952101021,0.0,0.0,0.0,0.00036173806971675885,0.0,0.0,0.0,0.0,0.0,0.0,0.0,0.0,0.004785625874160155,,,0.0,0.0014440527872672051,,0.0,0.0,0.0,0.0,0.0,0.0037754820429534994,0.0
2016_06,0.0,0.0,0.015193553788787442,0.029583375054078955,0.00548844903045021,0.059099357402120224,0.01937027622994729,0.0,0.0,0.0,0.0,0.0005620071157949287,0.0019014034474130316,0.021867148559935448,0.00612142429361376,3.000819733767383e-05,0.0,0.001334263858609833,0.005981326450762247,0.0,0.0,7.106667971381221e-05,0.0009289952909127227,0.005395171017376057,0.07762815677276703,0.0001347140551223809,0.0009884332845406698,0.05760435571687845,0.0,0.0,0.12216942054993214,0.0,0.03276541260146877,0.00042615409196810987,0.0,0.0,0.0,0.017450266343902898,0.0,0.0019102827196713574,0.0,0.03743427726452069,0.026643575552134337,0.0,0.0,0.0,0.03510805775044233,0.011402030749089185,0.0008943537477650601,0.005357341638918898,0.0,0.004767833471847021,0.0,0.009040754653153162,4.339153351484059e-06,0.047804458660592436,-0.00031792275919495706,0.0063714963162690205,0.01449731309789955,0.0,0.0,0.0,0.011116704771282147,,,0.0012040972454325771,0.0776442968894476,,0.015588529487697156,0.0619707346756355,0.0008741024342060324,0.0071206637866292255,0.0,0.0,0.0
2016_07,0.0,0.0,0.007105545673718753,0.0,0.0030666629254199533,0.0,0.009182386247394382,0.008621674598775352,0.0,0.0,0.0,0.026555727769886076,0.00889385337208909,3.3631588881848955e-05,3.385747862093343e-05,0.02126718567464315,0.050012629415331605,0.03261729025670909,0.0,0.0020902558303204015,0.0,0.0,0.0,0.0,0.0,0.08565136863106895,0.0004551459646765492,0.0,0.0,0.0,0.004694671722202213,0.0,0.0,0.003029435425661102,0.0,0.0163771344564899,0.006366884299229298,0.0,0.0,0.004560160350356283,,0.02786900303340718,0.013323564125551085,0.0,0.0,0.0,0.0023129350478278366,0.004691951527391827,0.0,0.001937974502625393,0.0,0.005867727915403172,0.0,0.007494735315973771,0.0,0.005208071055074628,0.006607413068736005,0.04613781399862672,0.003170894747564372,0.003893805309734517,0.0,0.0,0.00037179479911335155,,,0.0020811480473270604,0.0008490883259928942,,0.009074891428355584,0.0033656909793561085,0.003547005277444463,0.0007915329676859312,0.0,0.0,0.10917737115754649
2016_08,0.0,0.0,0.0,0.0,0.0,0.0,0.0,0.0,0.0007795069649378251,0.0,0.0,0.0,0.0,0.0,0.0,0.002016942639141612,0.0,1.7731980385413666e-05,0.0,0.0,0.0,0.0,0.0,0.0,0.0,0.0,0.0007528661225643662,0.0,0.0,0.0,0.0,0.0,0.0,0.0,0.03508241764899968,0.0,0.0,0.0,0.0,0.0,,0.0,0.0,0.0,0.0,0.0,0.0,0.0,0.0,0.0,0.0,0.0,0.0,0.0023090520539327418,0.0,0.0,0.0,0.0,0.0,0.0,0.0,0.0,0.010646348118983538,,,0.0,0.0,,0.0,0.0,0.0,0.0,0.0035186056359459536,0.0,0.0
2016_09,0.0,0.0,0.0,0.0,0.0,0.0,0.0,0.0,0.0,0.0,0.0,0.0,0.0,0.0,0.0,0.0034460832010892502,0.0,0.0,0.0,0.0,0.0,0.0,0.0,0.00018738221132426477,0.0,0.0,6.127546111615261e-05,0.0,0.0,0.0,0.0,0.0,0.0,0.0,0.0,0.0,0.0,0.0,0.0,0.036111265874432356,,0.0005285223735928957,0.0,0.04036854946677317,0.0,0.14639744833024376,0.0,0.00023854419753364256,0.0,0.0,0.0,0.0015969792723746826,0.0,0.0009835403391060629,0.0,0.0,0.0,0.0003990376047800511,0.0,0.0,0.0,0.0,0.00014909584548871327,,,3.2826756323349456e-05,0.0,,0.0,0.0,0.0,0.0,0.0,0.0,0.0
2016_10,0.0,0.0,2.5471464995538382e-05,0.022290879505953168,0.001073721704082112,0.0,0.0,0.0,0.06023645541075452,0.0,0.0,0.01232121749522622,0.0024567100245226586,0.0033254604529720814,0.0,0.0006025627749807104,3.408372466672214e-07,0.0014374226903652665,0.0,0.0,0.0,0.0,0.0,0.0,0.0,0.0,0.0,0.0,0.0,0.0,0.0,0.0,0.0,0.006654377581496298,0.0,0.0,0.0,0.0047021027630594955,0.0,0.0007661200390103072,,0.0010982455450544999,0.0,0.0,0.0,0.0,1.3524959732645634e-06,0.016071682820265987,0.0,0.00242639987393869,0.0,0.00020488595448311153,0.0,0.0007406961682090874,0.0,0.0,0.00272109177065854,0.0033919449053209146,0.0004552007040490126,0.0,0.0,0.0,0.0010333848486837893,,,0.0014880284712464355,0.001606146952157139,,0.0,0.0,0.0,0.0,0.0,0.0,0.0
2016_11,0.0,0.0,0.0,0.0,3.448374516981897e-05,0.0,0.0,0.0,0.0,0.0,0.0,0.0,0.0,0.0,0.0,0.0,0.0,0.0,0.0,0.0,0.0,0.0,0.0,0.0,0.0,0.0,0.0,0.0,0.0,0.0,0.0,0.0,0.0,0.0,0.0,0.0,0.0,0.0,0.0,0.0,,0.0,0.0,0.0,0.0,0.0,0.0,0.0,0.0,0.0,0.0,0.0,0.0,0.0002124959242000117,0.0,0.0,0.0057448949314482575,0.0,0.0,0.0,0.0,0.0,0.0,,,0.0,0.0,,0.0,0.0,0.0,0.0,0.0035581870753710622,0.0,0.0
2016_12,0.0,0.0,0.01034589477464014,0.0,0.0,0.0,0.0,0.0,0.0,0.04900032745071611,0.0,0.0,0.0006683060572048082,0.0,0.004155757470932661,1.659148407190322e-05,4.55457480362123e-05,0.01710514610268658,0.0,0.0,0.0,0.0,0.0,0.0,0.0,0.0,0.0015925282492984872,0.0,0.0,0.0,0.03702065712562279,0.0,0.0001774244796037668,6.899819024003645e-06,0.01605147042592617,0.0,0.0005338002581276325,0.00043357049624852224,,0.002023891977299463,0.0,0.0,0.0,0.025428152629876757,0.0,0.0,0.0005009893566002194,0.00040760365782441883,0.0,0.0,0.0,0.0009656470742823568,0.0,0.0025207758396261406,0.0,0.03171739744432055,0.00789309920643718,0.02677866843945301,0.0,0.0,0.0,0.0,0.04031765727619985,,,2.376456549036896e-05,0.0,,0.0,0.0,0.046650842263933234,0.0,0.0,0.0,0.0
2017_01,0.0,0.0,0.0,0.0,0.0,0.0,0.0,0.0,0.0,0.0,0.0,-0.012426761160859156,0.0,0.0,0.0,1.4540015322070515e-05,0.0,-1.448586265922408e-09,0.0,0.000683234182074236,0.0,0.0,0.0,-1.0426194962308026e-09,0.0,0.0,0.0,-0.004720432653482735,0.0,0.0,0.0,-0.0006914093494222565,0.0,0.0,0.0,0.0,0.0,0.0,,0.0,0.0,-1.7075253001912083e-11,0.0,0.0,0.0,0.0,0.0,-8.313164203158371e-05,0.0,0.0,0.0,-0.0001753740337369036,0.0,-1.3153246874612099e-06,0.0,0.02699249264661638,0.0,0.0,-0.0001341063923785285,0.0,0.0,0.0,-2.9414348251421803e-06,,0.0,0.0,0.0,,0.0,0.0,0.0,0.0,-0.0022975125776704777,0.0,0.0
2017_02,0.06898983369571599,0.0,0.07208750381472484,0.0,0.006238289608704284,0.0,0.01648681868602931,0.09381331739824879,0.0016022641399767138,0.0,0.0006958903216159716,0.0018155025249587038,0.014222106532477519,0.030111801802568137,0.04206732137151013,0.01768324239184834,0.0,0.040440989380008306,0.009703361996417912,0.0821411455425027,0.0,0.0012496371376360424,0.08956540649239522,0.008344782337031252,0.1198769056625496,1.2679371998642033e-05,0.027428994459432053,0.003891112776465593,0.08001047600340483,0.05485310391769918,0.05534812593623499,0.044574175495364896,0.08627915162031484,0.0545674340040324,0.0380952000000001,0.018538422513460915,0.029298810530844002,0.07037131328884448,,0.011930298464222885,0.0,0.0662816755696564,0.06427984471630066,0.0,0.0,0.0,0.06071446570862034,0.04952273338276894,0.07170722579196173,0.0608185586424985,0.000751128780908971,0.08447240916718714,0.0,0.03891989114976685,0.03593035784958289,0.017996402946828874,0.0014612942280510305,0.002572859737460366,0.0596656884208291,0.0,0.0006753663023105113,0.027850063491145834,0.054860308786209185,,0.0,0.05684791491298351,0.08383933312357339,,0.04453888140814469,0.07838273955976023,0.004522457787219283,0.08712871270247616,0.00875774644901286,0.006444249687385694,0.0
2017_03,0.0,0.0,0.0,0.0,4.2031797798343906e-05,0.06920021213428491,0.0,0.0,0.0,0.0,0.0,0.02264956966669969,0.0,0.008265629558625639,0.029684306154980276,0.013369252532472427,0.0,0.0003334456365828062,0.0,0.0004305820603504753,0.0,0.0,0.0,4.374888489840597e-16,0.0,0.0,0.0,0.024038334480632622,0.0,0.0,0.0,0.0,0.0,0.0,0.0,0.0,0.031336261305999646,0.0,0.0,0.0,,0.0051748503918495215,0.0,0.0,0.0,0.0,0.0,0.00037366191461578536,0.0,0.006852901837850634,0.0,0.0,0.0,0.005061130608216479,0.0,0.014579300459872213,0.0039622941914618385,0.0,5.95710780388354e-05,0.02448751284204648,0.0,0.0,0.002371492536365226,,0.0,7.212344240821117e-05,0.0,,0.0,0.0,0.0,0.0,0.00015286064255760302,0.0003604120865655179,0.03698722443552134
2017_04,0.0,0.0,2.2760130832928675e-10,0.0,0.0,0.0,0.0,0.0,0.0,0.0,0.0,0.006680242694233308,0.0,-0.0006423791193682224,0.0,8.440120124190517e-10,0.0,0.0,0.0,-0.00039092592297236084,0.0,0.0,0.0,1.3690232655224924e-16,0.0,0.0,0.0,0.0010903173574048236,0.0,0.0,0.0,0.0,0.0,0.0,0.0,0.0,0.0,0.0,,0.0,0.0,0.0018486097970691708,0.0,0.06435569571583823,0.01997933172580102,0.0,9.94853567696085e-11,0.0001119559919976854,0.0,0.0,0.0,0.0,0.0,4.393920510710339e-05,0.0,0.013614206297798262,0.012111144889007355,0.0,0.00017778274706806044,0.0,0.037730420623412995,0.0,0.006930625949530782,,0.0,0.0,0.0020514413945732606,,0.0,0.0,0.0,0.0,5.122239534708736e-06,0.0,0.0
2017_05,0.0,0.0,0.0,0.017451191013427715,0.0,0.0,0.0,0.0,0.026800251431268796,0.0,0.0,0.016286135864574218,0.025445577396669496,0.01934570029938175,0.0,0.00035422755883572784,0.05945851200187122,0.00016420693118247083,0.0,0.0,0.0,0.0,0.0,0.0002161897430302079,0.0,0.0,0.007752911507940099,0.0016175602972265863,0.0,0.0,0.0,0.0,0.0,0.0031558891100417256,0.0,0.0,0.0,0.003237709718966883,,0.007788807194585766,,0.0044194686980727985,0.0,0.0,0.0,0.0,0.005856766459069727,0.02506561022208102,0.0033648529887365733,0.0,0.0,0.004709258648812112,0.0,0.005515568394076331,0.0,0.012710966683946891,0.0030298837361943426,0.009632838058308812,0.002003850919703023,0.0,0.0,0.0,0.0003918498729237938,,0.0,0.0002512857537873651,0.0019470052793656137,0.0,0.0,0.0,0.0,0.0,0.006974568564368821,0.0,0.0
2017_06,0.0,0.0,0.0,0.0,2.708883226980294e-09,0.0,0.0,0.0,0.0,0.0,0.02044931759180161,0.0,0.0,1.0817601571655283e-10,0.004632654092571221,0.01297549128841422,0.0,1.446498872402349e-05,0.0,0.0013378125472606611,0.0,0.0,2.6870301794428348e-08,1.12008169575995e-16,0.0,0.0,0.0,0.0016354889030306629,0.0,0.0,0.05465259325264926,0.0,0.0,0.0,0.0,0.0,0.0,1.362552626959673e-09,0.0,0.0,,0.001027375621423078,0.0,0.0,0.0,0.0,0.0,0.0008444198342420471,0.0,0.0,0.0178057016949099,0.0,0.0,0.00031556576516621036,0.0,0.06435254318649689,0.0,0.003944120586635634,6.555274578132545e-07,0.0,0.0,0.0,4.743300779235482e-06,,0.0,6.9077045720063914e-09,0.0,0.0,0.0,0.0,0.0,2.137788556484816e-06,0.0033000152386791675,0.0,0.0
2017_07,0.0,0.0,0.0,0.0,0.002514622741329148,0.0,0.02017022126475983,0.0,0.0,0.0,0.0013052969061999697,0.00026620541708833153,0.002579063430607995,0.007060446510397569,0.0,0.01015398512168563,0.0,0.0021955814300143265,0.0024391725168510948,0.00020434613015952264,0.0,0.0,0.0009186265020188512,2.6731026218087704e-05,0.07842598944120925,0.0006691180640067692,0.0009964248245053467,0.004717946199155286,0.0,0.0,0.050652547599708525,-0.03831532957203798,0.02438475597960994,0.00010088388530445533,0.0,0.0,0.0,0.016978104200744474,0.0,0.009537036975888464,,1.6112749403851922e-09,0.0032124301969738227,0.0,0.0,0.1484495082088942,0.005368975589672643,0.006205692040064145,0.0007527166055702239,0.0,0.012496621793527568,0.06796348109264823,0.0,0.005439614628870812,0.009506490027834037,0.01129531659207759,0.0,0.0017528599204470249,0.013087219376070767,0.0,0.0,0.0,0.00700899780959938,,0.0,0.0009392023516116911,0.0004705825594550978,,0.011836559892841086,0.01645234391676764,0.0007595910383627457,0.00562681742151126,5.8091251016965985e-06,0.0,0.0
2017_08,0.0,0.0,0.002922120352906152,0.003905928489360259,0.002928608063670551,0.0,0.02835992373006963,0.0,0.0,0.0,0.0,0.006813195234471796,3.1587281461035686e-05,0.017158855068569148,2.760556807640989e-05,1.1078196832608429e-06,0.0,0.014473484220505836,0.0,-6.773482200485601e-05,0.0,0.0,0.0,2.2123734656855345e-16,0.0,0.0631014107031641,0.0,0.00136395625280868,0.0,0.04918860191338796,0.0,0.16197499198461046,0.0013278420791024653,0.00018997766164804159,0.0,0.015637989263452483,0.003511122624074882,0.0,0.0,0.005565306838791537,0.0,0.003034926518938462,0.011628967612866054,0.0,0.0,0.0,5.964464603060919e-05,0.005299166691980268,0.01829031636496907,0.008119638508589763,0.0,0.001217377336995384,0.0,0.0083056859278749,0.011974875384440753,0.013545027058222144,0.004656995154354141,0.031113823154681912,0.0,0.0411864407203215,0.0,0.0,0.0029917304225502363,,0.009999570325199058,0.0003578691679305539,0.0,0.0,0.00010245410813158014,0.0023006322659596184,0.0,0.0,6.283780904863943e-16,0.0,0.0
2017_09,0.0,0.0,0.0,0.0,0.0,0.0,0.0,0.0,0.0,0.0,0.008959953537449704,0.008973949379094308,3.093187099179705e-07,0.0,0.0,-1.541641848568726e-05,0.0003456213819311816,0.0,0.0,0.0,0.0,0.0,0.0,4.148315161452174e-16,0.0,0.0,0.00048794670761731783,0.0022334973994634143,0.0,0.0,0.0,0.0,0.0,0.0,0.0,0.0,0.0,0.0,0.0,0.0,0.0,0.0,0.0,0.0,0.0,0.0,0.007306698546096805,0.0,0.0,0.0,2.313442972309576e-09,0.0005604882425048903,0.0,0.00030509173079956025,0.0,0.0002299232931839459,0.0,0.0,0.0,0.001217383934333868,0.0,0.0,0.0,,0.0,0.0016010433334213117,0.0,0.0,0.0,0.0,0.0,0.0,0.002887225891888052,0.0,0.0
2017_10,0.0,0.0,4.2931883050834494e-05,0.0,0.0,0.0,0.0,0.0,0.0,0.0,0.0,0.0,0.0,0.0,0.0,0.006551730786230017,0.0,7.293057200208827e-07,0.0,0.0,0.0,0.0,0.0,1.1034061065096705e-09,0.0,0.0,0.0020669633735579036,0.0023689410264417453,0.0,0.0,0.0,0.0,0.0,6.681692396428866e-05,0.066128261303314,0.0,0.0,0.0,0.0,0.031109085976095054,,2.645879556773921e-05,0.0,0.0,0.029989868287740636,0.0,0.0,0.0,0.0,0.004864453388737364,0.0,0.00027729967664727337,0.0,0.0005202689681713883,0.0,0.0,0.0,0.0,0.0,0.0,0.0,0.0,8.833343840346554e-05,0.0,0.0,0.0,0.0,0.0,0.0,0.0,0.0,0.0,0.000592611951864654,0.0,0.0
2017_11,0.0,,0.0,0.0,0.0016854944063141122,0.0,0.0,0.0,0.0,0.0,0.0,0.0,0.0008574692323859479,4.071635621244883e-05,0.0,0.00010500676780435614,0.0,0.0,0.0,0.0,0.0,0.0,0.0,0.0007276612045293942,0.0,0.0,0.00021601805615456156,0.005320438651082519,0.0,0.0,0.0,0.0,0.0,0.006721867039068482,0.0,0.012845570882736962,0.0,0.0,0.0,0.0,0.0,0.0030720007240348764,0.0,0.0,0.0,0.0,0.0,0.002227119646084262,0.0,0.0,0.0,4.6463384219832026e-11,6.968116816155185e-05,0.00682438407955044,0.0,0.0,0.0,0.0,0.0043266096668888275,0.0,0.0,0.0,5.079294977695985e-05,0.0,0.0,0.00022203022373213608,0.00011905382269047229,0.0,0.0,0.0,0.0,0.0,7.011333801695078e-17,0.0,0.0
2017_12,0.0,,0.0,0.0,0.009397801192324438,0.0,0.0,0.0,0.0,0.0,0.0,0.0,0.0,0.007196118859677484,0.0,0.0,0.0,2.2174121783798447e-05,0.0,0.0,0.0,0.0,0.0,0.0,0.0,0.0,6.2122323558817e-05,0.003094538138441515,0.0599981812670507,0.0,0.0,0.0,0.0,0.0,0.0,0.0,0.0,0.0,0.0,0.0,,0.0,0.0,0.0,0.0,0.0,0.0,0.0,0.0,0.0,0.0,1.915238884564265e-06,0.0,6.926340101306742e-06,0.0,0.0,0.0,0.0011162275405541227,9.963878087618857e-07,0.0,0.0,0.0,0.0,0.0,0.0,0.0,0.0,0.0,0.0,0.0,0.0,0.0,3.1404769750000363e-06,0.0,0.0
2018_01,0.0,,0.0,0.0,8.436101532851111e-05,0.0,0.004914375478596277,0.0,0.0019270667197972872,0.06873776903503981,0.0,0.0,0.0,1.819244254042721,0.0001867388038037796,0.0010907893605388204,3.5856597483022264e-06,0.0017458397057988997,0.0,0.0,0.0,0.0,0.0,0.0072476182691822155,0.0,0.0,-0.0022838661148953015,0.003753225461137082,0.0,0.0,1.8194686431600191e-06,0.0,0.0005033421256137947,9.115123833917466e-05,0.0,0.0,0.00041229622503068114,0.0,0.0,0.0,,3.537959652964008e-06,0.04089977603508702,0.03871147735423395,0.0,0.0,0.00017026712498032135,0.0027577626659472687,0.0,0.0,0.023350646122071914,0.002603301113967992,0.0,0.0018651514749399945,0.0,0.05262435734401023,0.010797813845488448,0.026741197858826494,1.087233664250968e-05,0.0,0.006439867018107582,0.03424208056334096,0.0,0.0,0.0,7.432330258666432e-05,0.0,0.0,0.014243206377123202,0.0,0.04777706465793124,0.0815225205701772,0.0033833356904915805,0.0,0.0
2018_02,0.06899015996921554,,0.08277790934402515,0.025048336650554375,0.009809565165330526,0.05702727830358461,0.03288216258433247,0.09440842400393465,0.0,0.0,0.0031567613845201138,0.027144167063090294,0.04254954645457249,1.9028655817075526,0.07530483063433004,0.029817205057447907,0.0591463246003953,0.06835182149300766,0.011105901485336422,0.04949756955799697,0.0,0.0003663588272468072,0.08652651634009866,0.0029280374608633584,0.09003815733600495,1.9873754317820633e-05,0.025140676231155262,0.0024582146064503433,0.05978551496825513,0.053244552604970574,0.09444682651911697,0.028692883812937827,0.0910275879849469,0.053715713535488374,0.009188218798283368,0.01751720828083553,0.0631495435085217,0.09367178580477069,0.0,0.026948518492030466,,0.07153386013351089,0.018927654734958374,0.07831886699508005,0.0,0.0,0.01301526588201547,0.06813430646662899,0.06984103171420607,0.047112293233932664,0.0004895237577221904,0.07328474992616524,0.0,0.04595258758397384,0.04362602811967483,0.03294900341366537,0.007167268713200338,0.014375469544236295,0.06496718342080188,0.030599122932063422,0.0004192549727188989,0.0,0.056167522867638826,0.03663697930536763,0.0,0.05354674794235826,0.03584344946158104,0.0,0.04080435411309275,0.09670433728370295,0.0007042941525261129,0.005372853095320471,0.0020252426101441397,0.024713231401046518,0.0
2018_03,0.0,0.0,0.0,0.0,0.0,0.0,0.0,0.0,0.0,0.0,0.0,2.8184134131277074e-06,1.5014632513852008e-05,1.8006426144485468,0.0,0.0,0.0,3.720551028553143e-05,0.0,0.0,0.0,0.0,0.0,0.0,0.0,0.0,3.6369199688444434e-05,0.01763930839312961,0.0,0.0,0.0,0.0,0.0,9.031300284961075e-06,0.0,0.0,0.0,0.0,0.0,0.0,,0.0015721683142139531,0.0,0.0,0.0,0.0,0.02221418700427125,0.0,0.0,0.006105109785401686,0.0,2.770573661685328e-06,0.0,9.729404143452297e-05,0.0,0.004539954913926597,0.0,0.0,0.0,0.0,0.0,0.0,0.009845612278142443,0.0,0.0,0.0,0.0,0.0,0.0,0.0,0.0,0.0,5.778229946465732e-16,0.0,0.0
2018_04,0.0,0.0,0.0,0.0,0.0,0.0,0.0,0.0,0.025806969026702667,0.0,0.031454741774089516,0.0,0.0,1.9484353668894994,0.0,0.0038037103808999475,0.0,1.6957558205012444e-11,0.0,0.0,0.0,0.008228212183972353,0.0,0.0,0.0,0.0,0.0,0.0014976133850426127,0.0,0.0,0.0,0.0,0.0,0.0,0.0,0.0,0.0,0.0,0.0,0.0,,3.419863342261231e-05,0.0,0.0,0.03003475637746722,0.0,0.0,6.479886215309917e-05,0.004050386008223671,0.0,0.0,0.0,0.0,0.0009187619643186296,0.0,0.0,0.009875004599529806,0.0,0.0001451734186503385,0.0,0.0,0.0,1.2269493577332721e-05,0.0,0.0,-1.5554855294619214e-05,0.0,0.0,0.0,0.0,0.0,0.0,-1.1271801380092466e-06,0.0,0.0
2018_05,0.0,0.0,0.0,0.02523256410030767,0.0,0.0,0.0,0.0,0.0,0.0,0.0,0.0,0.0,1.9803937216085106,0.0,0.008668879563287003,0.0,6.566443763242107e-05,0.0,0.0,0.0,0.0,0.0,0.0029872547729818673,0.0,0.0,0.010320686503610978,0.0012116948865644385,0.0,0.0,0.0,0.0,0.000766395919630875,0.0035741926563503564,0.0,0.0,1.5368592650245842e-07,0.0,0.0,0.0,,0.0041012241493532265,0.0,0.0,0.0,0.0,0.0,0.005688775020942813,0.0,0.0,0.0,0.0,2.4213574461434683e-05,0.00011683473212793879,0.0,0.0,0.0,2.308855615714067e-07,0.0,0.0,0.0,0.0,0.0001517607180713249,0.0,0.0,0.00011797358082182217,0.0016839571180298134,0.0,0.0,0.0,0.0,0.0,-0.0002592130583841802,0.0,0.0
2018_06,0.0,0.0,0.0,0.0,0.0,0.0,0.0,0.0,0.0,0.0,0.0,0.018135232816597756,0.00029567693350116816,1.9212809826370905,0.0,0.0,0.0,3.1353954601560943e-06,0.0,0.0,0.0,0.0,0.0,0.0,0.0,0.0,0.0,0.0036682018474615934,0.0,0.0,0.0,0.0,0.0,0.0,0.0,0.0,0.0,0.0004223877839916097,0.0,0.0,,0.00015655536459921395,0.0,0.0,0.0,0.0,0.0,0.0,0.0,0.0,0.0,0.0,0.0,0.000146848137223858,0.0,1.7520942225299565e-05,0.005768002571171525,0.0,0.0,0.0,0.0,0.0,0.0,0.0,0.0,0.0,0.0,0.0,0.0,0.0,0.0,0.0,-8.172285188929965e-05,0.0,0.0
2018_07,0.0,0.0,0.0004510659835540792,0.0,0.0,0.0,0.0,0.0,0.0022087074492815007,0.0,0.0,0.0,0.0,0.0,0.0,0.0,0.0,1.1402475444504633e-06,0.0,0.0,0.0,0.0,0.0,0.0016444740346205,0.0,0.0,0.0,0.0030500508475028733,0.0,0.0,0.0,3.275916599412448e-05,0.0,0.0,0.0,0.0,0.0,0.00027243147729055913,0.0,0.0,,0.001097070708392702,0.0,0.0,0.0013008974317371335,0.0,0.0,0.0,0.0,3.992873140600408e-06,0.0,4.350851527454843e-05,0.0,0.0007397383548113951,0.0,0.0,0.0,0.0,0.0065237161321355505,0.0,0.0,0.0,9.62925667676774e-05,0.0,0.0,0.0,9.528773365055893e-05,0.0,0.0,0.009633855030980763,0.0,0.0,1.9397131950888647e-06,0.0,0.0
2018_08,0.0,0.0,0.0,0.0,0.0,0.0,0.0,0.0,0.0,0.0,0.0,0.006077124266611366,0.0,-0.11215334997602638,0.0,0.014195214198797185,0.0,0.00036091424681289596,0.0,0.0,0.0,0.0,0.0,-0.00013943112102621306,0.0,0.0,0.0,0.005089545952134033,0.0,0.0,0.0,0.0,0.0,0.0001919606340932473,0.0,0.0,0.0,0.0,0.0,0.0,,0.00025361930836233573,0.0,0.0,0.0,0.0,0.0,0.002072801681168316,6.272994181492995e-08,0.01147905833035434,0.0,8.397090745101305e-11,0.0,0.0039695831457374625,0.0,0.0003610162370721462,0.0028749522728261398,0.0,0.0,0.0,0.04993642413140725,-0.09748935279780528,1.3619074094685688e-07,0.01997972435621894,0.0,0.0,-0.0014777689956826036,0.0,0.0,0.0,0.0,0.021073749058174565,3.6232933398495057e-16,0.0,0.03372227946688847
2018_09,0.0,0.0,3.8386062248291965e-05,0.0,0.01603333653807146,0.004623223352473103,0.0,0.0,0.0,0.0,0.0,0.01637804354255468,0.0,-0.000849987963220304,0.0,3.0000365636035244e-06,0.0,0.0,0.0,0.0,0.0,0.0,0.0,0.0,0.0,0.0,0.0,0.004581648487175588,0.0,0.0,0.0,0.0,0.0,0.0,0.0,0.0,0.0,0.0,0.0,0.0,,0.0,0.0,0.0,0.0,0.0,0.0,0.00027457695420099514,0.0,0.0,0.0,0.0,0.0,4.2763489099891595e-06,0.0,0.0,0.0,0.0,1.2943721406742696e-05,0.0,0.0,0.0,0.001390297181174605,0.0,0.0,0.0,0.0,0.01249939129465355,0.0,0.0,0.0,0.0,4.3644284433607305e-16,0.0,0.0
2018_10,0.0,0.0,0.0,0.0,0.0,0.0,0.0,0.0,0.0,0.0,0.00472608205164953,0.0,0.0,-0.0001345060450097334,0.0,0.0,0.0,2.4527691585768716e-06,0.0,0.0,0.0,0.0,0.0,0.0,0.0,0.0,2.4948884274851296e-05,0.002998494339297508,0.0,0.0,0.0,0.0,0.0,0.0,0.026410229959248074,0.0,0.0,0.0,0.0,0.0,,0.0,0.0,0.0,0.0,0.0,4.626897633446184e-06,0.0,0.0,0.0,-0.0005709849056465135,0.00045225444720958997,0.0,0.0003972822379634146,0.0,0.0,4.6571157441194656e-05,0.0,8.583329688169289e-07,0.0,0.0,0.0,2.0007693210974802e-08,0.0,0.0,1.4281805942522375e-07,0.0,0.0,0.0,0.0,0.0,0.0,5.66065102401555e-17,0.0,0.0
2018_11,0.0,0.0,0.0,0.0,0.0,0.0,0.0,0.0,0.0,0.0,0.0,0.0,0.0,0.015398859800677994,0.0009858635433811628,0.0,0.0,0.0012565043031534029,0.0,0.0,0.0,0.0,-0.0015622226167228835,0.0,0.0,0.0,0.00010810784805834275,0.012058969054451292,0.0,0.0,0.0,0.0,0.0,0.0,0.0,0.0,0.0,0.0,0.0,0.0,,0.0,0.0,0.0,0.0,0.0,0.0,-8.14892424315773e-05,-0.00010078704387180823,0.0,0.0,-1.6739062347611317e-05,0.0,-0.0006920033490854129,0.0,0.0,0.0,0.0,0.0,0.0,0.0,0.0,7.479184357151997e-05,0.0,0.0,0.0,8.707410102191954e-05,0.0,0.0,0.00043086564825695344,-6.50557108439049e-07,0.0,7.776560689927363e-06,-0.0029995271015830836,0.06694777163891738
2018_12,0.0,0.0,0.0,0.0,0.0,0.0,0.0,0.0,0.0,0.0,0.0,0.0,0.00035250896573640346,5.006432931016283e-09,0.0,2.505636167120687e-10,0.0,0.001980315446305625,0.0,0.0,0.0,0.0,0.0,0.0,6.844389689326917e-06,0.0,0.0,0.0,0.0,0.0,0.0,0.0,0.0,0.0,0.0,0.0017596384354926081,3.495609466592366e-10,0.0,0.0,0.0,0.0,2.4042909406347264e-10,0.0,0.0,0.0,0.0,0.0,0.0,0.0024438015455052722,0.0,0.00043673708624685317,0.0,0.0,3.766900151678348e-05,0.0,0.0,0.0,0.0,6.238358394569195e-07,0.0,0.0,0.0,0.00028436487294957526,0.0,0.0,4.7212163536163284e-05,0.0,0.0,0.0,0.0,0.0,0.0,0.0028515548159069094,0.0,0.0
2019_01,0.0,0.0,0.0,0.0,0.008290446978742106,0.0,0.0,0.0,0.0,0.0,0.0,0.0,1.9658702150120646e-05,0.0,0.0,5.925409259110283e-12,0.0,0.0,0.0,0.0,0.0,0.0,0.0,0.013985489736766141,0.0,0.0,0.000207467271982307,0.0,0.0,0.0,0.0,0.0,0.0,0.0,0.0,0.0,0.0,0.0,0.0,0.0,,0.0,0.0,0.0,0.0,0.01714552719158553,0.0,0.000290843984971889,0.0,0.0,0.0,0.0005784761412548735,0.0,0.00024256896811053068,0.0,0.0,0.0,0.03381214633724506,6.708572052563763e-05,0.0,0.0,0.0,0.0012781811152059136,0.0,0.0,0.0,0.0,0.0,0.0,0.0,0.0,0.0,2.064743976641514e-07,0.0,0.0
2019_02,0.0,,0.0005886729466181694,0.03272467436362948,0.0035184184171820334,0.03600072485723894,0.018300637015526346,0.07995978829166778,0.0020448558772789413,0.06198933216922183,0.005942659081402094,0.01210766245992425,0.03041023571530051,0.007663777374418294,0.06287996048406165,0.03376577759953114,0.02977026166859352,0.04117436937828503,0.0,0.026176585867129475,0.0,0.005505639811576929,0.03577399790180223,0.008767908309455594,0.000273776903965317,0.0,0.014963587327911834,0.04118751018432749,0.0,0.06775154043415281,0.010273778295429406,0.018594385819306027,0.07258990375005094,0.04876487108369101,0.006964827654482823,0.00016968352530066208,0.014902856408574812,0.06930741960726118,,0.023222781697664403,,0.05371996795596744,0.005386272379968376,0.015554688844823633,0.0,0.0,0.024512560936467403,0.027841506577993884,0.05986334063136345,0.026262306684581824,0.0,0.048241144463922477,0.0,0.032160000540944,0.014699547658696115,0.029540875444052258,0.01809313091295542,0.007809129812368578,0.044034742492518264,0.005580666675347329,0.0010309248142337303,0.03698343222324405,0.0393818306644165,0.020001862965989343,0.0,0.03457244090670472,0.049452392913236456,,0.03931841211763573,0.0013718255036990435,0.046748569954204955,0.07674863235092601,0.020720907543857203,0.0,0.0
2019_03,0.0,,0.004819970683653154,0.0,0.0050259812967202,0.0,0.0,0.008243510154229972,0.0,0.0,0.0,0.0,0.0,0.0,0.0,0.0025045939127564345,6.720427273332176e-05,0.015432369706592251,0.0,0.0,0.0,0.0,0.0,0.0,0.0,0.0,4.861202907141906e-05,0.0,0.0,0.0,0.027317195462903763,0.0,0.0,0.0,0.0,0.0,0.0,0.0,0.0,0.0017761004181759518,,0.0012692585469823785,0.01966446679982945,0.0,0.0,0.0,0.0,0.0014925807861129402,0.021209043174590814,0.0065200618820404855,0.0,0.0012292392626203532,0.0,0.005145564966610842,0.017549589627286196,0.01676638421583744,0.0,0.00040020295847997947,0.00039094469137484296,0.00013674944262775265,0.0,0.0,0.008748566822925264,0.0,0.0,0.0,0.0,0.0,0.0,0.0750710499425349,0.0,0.0,0.0019139015727229515,0.0,0.0
2019_04,0.0,0.0,0.0,0.0,0.0,0.0,0.0,0.0,0.0,9.546850067703826e-07,0.006479153077606412,0.02178585261539579,0.0,0.0,0.0,0.0,0.0,0.0,0.0,0.0,0.0,0.010228530977749634,0.0,-0.006799943432214097,0.0,0.0,-0.012457945882267752,0.0,0.0,0.0,0.0,0.0,0.0,0.0,0.0,0.0,0.0,0.0,0.0,0.0,,0.0,0.0,0.0,0.0,0.0,0.0,2.182636302776748e-06,0.0020057830196623587,0.0,0.0,0.000360854564830465,0.0,0.0003307476390759753,0.0,0.0,0.010180770615893925,0.0,0.0,0.0,0.0,0.0,6.368798852319097e-05,0.0,0.0,2.255427460641298e-07,0.0,0.0,0.0,0.0,0.0,0.0,5.159459237221008e-05,0.0,0.0
2019_05,0.0,0.0,0.026729909838862916,0.0,0.0,0.0,0.0,0.0,0.009445793085404327,0.0,0.0,0.0,0.0,0.0011856979750300178,0.0,0.0,0.0,0.00032772909490684797,0.0,0.0,0.0,-4.738213693437574e-05,0.0,0.0,0.0,0.0,0.00637117604639615,0.0003044801595942242,0.0,0.0,0.0,0.0,0.0,0.0,0.03260648576620232,0.0,0.03165886578161236,0.0,0.0,0.0,,0.0,0.0,0.0,0.0,0.0,0.0,0.005054561804784349,0.0,0.0,0.0,0.0,0.0,0.0009143180027183028,0.00428385554458761,0.0003250282108395957,0.0032917671201805197,0.0065048029737400205,3.837715162311274e-05,0.010588990722070302,0.0,0.0,7.167800324928264e-05,0.0,0.0,0.0,0.00012852447452128376,0.0,-0.0018630042940423475,0.0,0.0,0.0,0.0,0.0239865226236417,0.0
2019_06,0.0,0.0,0.0,0.0,0.0,0.0,0.0,0.0,0.0,0.0,0.0,0.0,0.0,0.0002971600560641242,0.0,0.0,0.0,0.00015434315205437507,0.0,0.0,,0.0,0.0028470708794800046,0.0,0.0,0.003701826389560886,0.0,0.0,0.0,0.0,0.0,0.0,0.0,0.0,0.0,0.0,0.0,0.0,0.0,0.0,,4.0772286036761875e-06,0.0,0.0,0.0,0.0,0.0,0.00015143628393154905,0.0,0.0,0.0,0.0,0.0,1.0434652723917475e-06,0.0,0.0,0.0,0.0,0.0036245723345212093,0.0,0.0,0.0,0.0,0.0,0.0,0.0,0.0,0.0,0.0,0.0,0.0,0.0,2.70416381357104e-08,0.0,0.0
2019_07,0.0,0.0,0.0,0.0,0.0,0.0,0.0,0.0,3.159627188502677e-07,0.0,0.0,0.0,0.000214787396194194,0.0028497718088207283,0.0,0.0,0.0,-4.293482755706567e-05,0.0,0.0,0.0,0.0,0.0,0.0,0.0,0.0,0.0,0.0,0.0,0.0,0.0,0.0,0.0,0.0008231193283923839,0.0,0.0,0.0016458445948781388,0.0005750077730527599,0.0,0.0,,4.766682083693109e-10,0.0,0.0,0.0,0.0,0.0,0.0,0.0,0.0,0.0,-0.0023309819434787662,0.0,0.00035557185059087866,0.0,0.0,0.0,0.0,1.4698626145189325e-09,0.0,0.0,0.0,1.498836259847271e-05,0.0,0.0,0.0011384366919965638,0.0,0.0,0.0,0.0,0.0,0.0,0.0,0.0,0.0
2019_08,0.0,0.0,0.0,0.010499443673377594,0.0,0.0,0.0,1.6786181809780825e-06,0.0027988876935223814,0.0,0.0,0.007691165981444344,0.0,0.0,0.0,-0.006079378070875937,0.0002989928028122561,0.0,0.0,0.0,,0.0,0.0,0.0,0.0,0.0,2.8661535506303374e-06,0.0,0.0,0.0,0.0,0.0,0.0,3.0034310445589104e-05,0.0,0.0,0.0,0.0,0.0,0.0,,0.0006298961680248578,0.0,0.0,0.0,0.0,0.0,0.00027636428897331264,0.0,0.0007359542531261231,0.0,0.0,0.0,0.002313480645314062,0.0,0.0,0.0,0.0,1.393401617610463e-09,0.011661452804837076,0.0,0.0,2.8099951360720512e-05,0.014975552410689374,0.0,0.0001663344793174525,0.0,0.0,0.0,-0.0026935315881579983,0.0,0.0,0.0,0.0,0.0
2019_09,0.0,0.0,0.0,0.0,1.8787035935196066e-09,0.0,0.0,0.0,0.0,0.0,0.0,0.0,0.0,7.406131189894048e-06,0.0,4.590772051549105e-11,0.0,0.0,0.0,0.0,,0.0,0.0,0.0,0.0,0.0,0.0,0.0,0.0,0.0,0.0,0.0,0.0,0.00014502812376882807,0.0,0.0,0.0,0.0,0.0,0.0,,0.0,0.0,0.0,0.0,0.0,0.0,0.0,0.0,0.0,0.0,1.3449653260124152e-10,0.0,2.5827116186484417e-07,0.0,0.0,3.9081574681580475e-05,0.0,0.0,0.0,0.00019631502336627584,0.0,4.076453357265272e-05,0.0,0.0,0.0,0.0,,0.0,0.0,0.0,0.0,0.006435418983416808,0.0,0.0
2019_10,0.0,0.0,0.0,0.0,0.0,0.0,0.0,0.0,0.0,0.0,0.0,0.0,0.0,0.0,0.0,0.0,0.0,0.0,0.0,0.0,,0.0,0.0,0.0,0.0,0.0,0.00018228080694840675,0.0,0.0,0.0,0.0,0.0,0.0,0.0,0.0,0.0,0.0,0.0,0.0,0.0,0.0,0.0,0.0,0.0,0.0,0.0,0.0,0.0,0.004985796551349132,0.0,0.0,0.0,0.0,2.1862680833555635e-05,0.0,0.0,0.0,0.0,0.0,0.0,0.0,0.0,3.1338457345096793e-06,0.0,0.0,1.7852870313077387e-07,0.0,0.0,0.0,0.0,0.0,0.0,8.700038620020579e-08,0.0,0.0
2019_11,0.0,,0.0,0.0,0.004694275817011425,0.0003106759555639228,0.0,0.0,0.0,0.0,0.0,0.0,0.0,0.0,0.0,3.1562087167177746e-05,0.0,0.0,0.0,0.0,,0.0,0.0,0.0,0.0,0.0,-0.003927236459807651,0.0,0.0,0.0,0.0,0.0,0.0,0.0,0.0,0.0,0.0,0.0,0.0,0.0,,1.8229972424429616e-05,0.0,0.0,0.0,0.0,0.0,0.0,0.0,0.0031459958201108815,0.0,0.0015626645190030077,0.0,-8.098681289992522e-05,0.0,0.0,0.0,0.0,5.224733158380957e-07,0.0,0.0,0.0,0.0002816418556626605,0.0,0.0,-1.804698053505624e-07,0.00011963606701682943,0.0,0.0,0.0,0.0,0.0,0.0,0.0,0.0
2019_12,0.0,0.0,0.0,0.0,0.0,0.0,0.0,0.0,0.0,0.0,0.0,0.0,0.0,0.0,0.0,0.0,0.0,0.0,0.0,0.0,,0.0,0.0,0.0,3.1253813800660256e-05,0.0,1.0869519849458121e-05,0.0,0.0,0.0,0.0,0.0,0.0,0.0,0.0,0.001526186059276108,0.0,0.0,0.0,0.0,,0.0,0.0,0.0,0.0,0.0,0.0,0.0,0.0,0.0,0.0,0.0,0.0,2.9260257751858466e-05,0.0,0.0,0.0,0.0,0.00015832736224752057,0.0,0.0,0.0,0.0,0.0,0.0,0.0,0.0,0.0,0.0,0.0,0.0,0.0,0.0,0.0,0.0
